#,Feature/Issue,remove.bg Setup,Our Current Setup,ChatGPT Suggestion,Implemented?,Status
1,Upload Method,multipart/form-data (binary file),base64 JSON (data URL),Use multipart/form-data,PARTIAL,Backend ready using base64
2,Backend Input,Direct binary (request.files['image']),Base64 decode (request.json['imageData']),Accept request.files['image'],YES,Backend accepts both
3,Image Processing,Raw binary → Direct processing,Base64 → Decode → Processing,Direct binary processing,PARTIAL,Backend ready using decode
4,Canvas Usage,No canvas in upload path,Removed from upload,Remove canvas.toDataURL(),YES,Removed in Phase 1
5,Large Image Handling,Direct upload (no resize),FileReader (no canvas resize),Remove canvas resizing,YES,Removed in Phase 1
6,Base64 Validation,Not needed (binary),Enhanced validation,Improve base64 validation,YES,Enhanced cleaning/padding
7,Error Messages,User-friendly,User-friendly messages,Better error messages,YES,Enhanced in Phase 2
8,Free Preview Pipeline,Light processing 512px,BiRefNet 512px light feather,BiRefNet 512px (no MaxMatting),YES,Working correctly
9,Document Detection,Auto-detect,Auto-detect,Auto-detect document/photo,YES,Implemented
10,Document Processing,Binary alpha (text safe),Binary alpha (text safe),Binary alpha for documents,YES,Working correctly
11,Photo Processing,Hair refinement,Hair refinement,Light hair protection,YES,Working correctly
12,Alpha Safety Clamp,Min alpha threshold,Min alpha = 12,Add alpha clamp,YES,Implemented
13,Mask Recovery,Multi-level fallback,3-level recovery,Weak mask recovery,YES,Implemented
14,Backend Mask Logic,Robust fallback,Working correctly,Mask logic is fine,YES,Confirmed working
15,FileReader Validation,Standard validation,Enhanced validation,Improve FileReader,YES,Enhanced in Phase 1
16,GPU Usage,GPU for premium only,GPU for premium only,GPU only for premium,YES,Configured correctly
17,Credit Deduction,Variable (hidden),Variable (hidden),Variable credits,YES,Backend-only
18,Image Formats,JPG PNG WEBP HEIC,JPG PNG WEBP HEIC,Support HEIC JPG WEBP,YES,All supported
19,API Layer,Direct backend,Vercel API (proxy),Keep current structure,YES,Working correctly
20,Frontend Preview,Direct PNG display,Direct PNG display,No canvas preview,YES,Working correctly

