File,Title,H1 Tag,H1 Count
"7z-extractor-convert.html","7Z Extractor - Preview & Download | easyjpgtopdf","7Z Extractor - Preview & Download",1
"7z-extractor.html","7Z Extractor - Extract 7Z Files Online Free | easyjpgtopdf","7Z Extractor - Convert Online Free",1
"7z-to-zip-convert.html","7Z to ZIP - Preview & Download | easyjpgtopdf","7Z to ZIP - Preview & Download",1
"7z-to-zip.html","7Z to ZIP Converter - Convert 7Z to ZIP Online Free | easyjpgtopdf","7Z to ZIP - Convert Online Free",1
"Indian-style-Resume-generator.html","Indian Style Resume Generator - Online Free Tool | easyjpgtopdf","Indian Style Resume Generator - Create Professional Resume Online Free",1
"about.html","About - Online Free Tool | easyjpgtopdf","About - Online Free Tool",1
"accounts.html","Accounts - Online Free Tool | easyjpgtopdf","Accounts - Online Free Tool",1
"add-page-numbers-convert.html","Add Page Numbers - Online Free Tool | easyjpgtopdf","Add Page Numbers to PDF - Download Your Numbered PDF",1
"add-page-numbers.html","Add Page Numbers - Online Free Tool | easyjpgtopdf","Add Page Numbers - Online Free Tool",1
"ai-image-generator.html","Ai Image Generator - Online Free Tool | easyjpgtopdf","Ai Image Generator - Online Free Tool",1
"ai-to-png-convert.html","Ai To Png - Online Free Tool | easyjpgtopdf","Ai To Png - Online Free Tool",1
"ai-to-png.html","Ai To Png - Online Free Tool | easyjpgtopdf","Ai To Png - Online Free Tool",1
"ai-to-svg-convert.html","Ai To Svg - Online Free Tool | easyjpgtopdf","Ai To Svg - Online Free Tool",1
"ai-to-svg.html","Ai To Svg - Online Free Tool | easyjpgtopdf","Ai To Svg - Online Free Tool",1
"attributions.html","Attributions - Online Free Tool | easyjpgtopdf","Attributions - Online Free Tool",1
"avif-to-jpg-convert.html","Avif To Jpg - Online Free Tool | easyjpgtopdf","Avif To Jpg - Online Free Tool",1
"avif-to-jpg.html","Avif To Jpg - Online Free Tool | easyjpgtopdf","Avif To Jpg - Online Free Tool",1
"avif-to-png-convert.html","Avif To Png - Online Free Tool | easyjpgtopdf","Avif To Png - Online Free Tool",1
"avif-to-png.html","Avif To Png - Online Free Tool | easyjpgtopdf","Avif To Png - Online Free Tool",1
"azw3-to-epub-convert.html","Azw3 To Epub - Online Free Tool | easyjpgtopdf","Azw3 To Epub - Online Free Tool",1
"azw3-to-epub.html","Azw3 To Epub - Online Free Tool | easyjpgtopdf","Azw3 To Epub - Online Free Tool",1
"background-remover.html","Remove Background from Image - Background Remover Online Free | AI Background Removal","Remove Background from Image - AI Background Remover Online Free",1
"background-style.html","Background Style - Online Free Tool | easyjpgtopdf","Background Style - Online Free Tool",1
"background-workspace.html","Background Removal Workspace - AI Background Remover | Remove Background Online Free","AI Background Removal Workspace - Remove Background Online Free",1
"batch-zip-converter-convert.html","Batch Ziper - Online Free Tool | easyjpgtopdf","Batch Ziper - Online Free Tool",1
"batch-zip-converter.html","Batch Ziper - Online Free Tool | easyjpgtopdf","Batch Ziper - Online Free Tool",1
"biodata-maker.html","Marriage Biodata Maker - Online Free Tool | easyjpgtopdf","Marriage Biodata Maker - Online Free Tool",1
"blog-articles.html","Blog Articles - Online Free Tool | easyjpgtopdf","Blog Articles - Online Free Tool",1
"blog-guides.html","Blog Guides - Online Free Tool | easyjpgtopdf","Blog Guides - Online Free Tool",1
"blog-how-to-add-page-numbers.html","Blog How To Add Page Numbers - Online Free Tool | easyjpgtopdf","Blog How To Add Page Numbers - Online Free Tool",1
"blog-how-to-compress-image.html","Blog How To Compress Image - Online Free Tool | easyjpgtopdf","Blog How To Compress Image - Online Free Tool",1
"blog-how-to-compress-pdf.html","Compress PDF - Reduce PDF File Size Online Free | PDF Compressor","Compress PDF - Reduce PDF File Size Online Free",1
"blog-how-to-crop-pdf.html","Crop PDF - Crop PDF Pages Online Free | PDF Cropping Tool","Crop PDF - Crop PDF Pages Online Free",1
"blog-how-to-edit-image.html","Blog How To Edit Image - Online Free Tool | easyjpgtopdf","Blog How To Edit Image - Online Free Tool",1
"blog-how-to-edit-pdf.html","Edit PDF Online - PDF Editor Free | Edit PDF Files Online","Edit PDF Online - Free PDF Editor",1
"blog-how-to-generate-ai-image.html","Blog How To Generate Ai Image - Online Free Tool | easyjpgtopdf","Blog How To Generate Ai Image - Online Free Tool",1
"blog-how-to-make-biodata.html","Blog How To Make Biodata - Online Free Tool | easyjpgtopdf","Blog How To Make Biodata - Online Free Tool",1
"blog-how-to-make-marriage-card.html","Blog How To Make Marriage Card - Online Free Tool | easyjpgtopdf","Blog How To Make Marriage Card - Online Free Tool",1
"blog-how-to-make-resume.html","Blog How To Make Resume - Online Free Tool | easyjpgtopdf","Blog How To Make Resume - Online Free Tool",1
"blog-how-to-merge-pdf.html","Merge PDF Files - Combine Multiple PDFs Online Free | PDF Merger Tool","Merge PDF Files - Combine Multiple PDFs Online Free",1
"blog-how-to-ocr-image.html","OCR Image - Extract Text from Image Online Free | Image to Text Converter","OCR Image - Extract Text from Image Online Free",1
"blog-how-to-protect-excel.html","Blog How To Protect Excel - Online Free Tool | easyjpgtopdf","Blog How To Protect Excel - Online Free Tool",1
"blog-how-to-protect-pdf.html","Protect PDF - Password Protect PDF Online Free | Secure PDF Files","Protect PDF - Password Protect PDF Online Free",1
"blog-how-to-remove-background.html","Blog How To Remove Background - Online Free Tool | easyjpgtopdf","Blog How To Remove Background - Online Free Tool",1
"blog-how-to-resize-image.html","Blog How To Resize Image - Online Free Tool | easyjpgtopdf","Blog How To Resize Image - Online Free Tool",1
"blog-how-to-split-pdf.html","Split PDF - Split PDF Pages Online Free | PDF Splitter Tool","Split PDF - Split PDF Pages Online Free",1
"blog-how-to-unlock-pdf.html","Unlock PDF - Remove PDF Password Online Free | PDF Password Remover","Unlock PDF - Remove PDF Password Online Free",1
"blog-how-to-use-excel-to-pdf.html","Excel to PDF Converter - Convert XLS to PDF Online Free | Excel PDF Converter","Excel to PDF Converter - Convert XLS/XLSX to PDF Online Free",1
"blog-how-to-use-jpg-to-pdf.html","Blog How To Use Jpg To Pdf - Online Free Tool | easyjpgtopdf","Blog How To Use Jpg To Pdf - Online Free Tool",1
"blog-how-to-use-ppt-to-pdf.html","PowerPoint to PDF Converter - Convert PPT to PDF Online Free | PPT PDF Converter","PowerPoint to PDF Converter - Convert PPT/PPTX to PDF Online Free",1
"blog-how-to-use-word-to-pdf.html","Word to PDF Converter - DOC to PDF Online Free | Convert Word Documents","Word to PDF Converter - Convert DOC/DOCX to PDF Online Free",1
"blog-how-to-watermark-image.html","Blog How To Watermark Image - Online Free Tool | easyjpgtopdf","Blog How To Watermark Image - Online Free Tool",1
"blog-how-to-watermark-pdf.html","Watermark PDF - Add Watermark to PDF Online Free | PDF Watermark Tool","Watermark PDF - Add Watermark to PDF Online Free",1
"blog-news.html","Blog News - Online Free Tool | easyjpgtopdf","Blog News - Online Free Tool",1
"blog-tips.html","Blog Tips - Online Free Tool | easyjpgtopdf","Blog Tips - Online Free Tool",1
"blog-tutorials.html","Blog Tutorials - Online Free Tool | easyjpgtopdf","Blog Tutorials - Online Free Tool",1
"blog-why-user-pdf-to-excel.html","PDF to Excel Converter - Convert PDF to XLS Online Free | Extract Tables from PDF","PDF to Excel Converter - Convert PDF to XLS/XLSX Online Free",1
"blog-why-user-pdf-to-jpg.html","PDF to JPG Converter - Convert PDF to Images Online Free | Extract Images from PDF","PDF to JPG Converter - Convert PDF to Images Online Free",1
"blog-why-user-pdf-to-ppt.html","PDF to PowerPoint Converter - Convert PDF to PPT Online Free | PDF PPT Converter","PDF to PowerPoint Converter - Convert PDF to PPT/PPTX Online Free",1
"blog-why-user-pdf-to-word.html","PDF to Word Converter - Convert PDF to DOC Online Free | Extract Text from PDF","PDF to Word Converter - Convert PDF to DOC/DOCX Online Free",1
"blog.html","Blog - Online Free Tool | easyjpgtopdf","Blog - Online Free Tool",1
"bmp-to-jpg-convert.html","Bmp To Jpg - Online Free Tool | easyjpgtopdf","Bmp To Jpg - Online Free Tool",1
"bmp-to-jpg.html","Bmp To Jpg - Online Free Tool | easyjpgtopdf","Bmp To Jpg - Online Free Tool",1
"bmp-to-png-convert.html","Bmp To Png - Online Free Tool | easyjpgtopdf","Bmp To Png - Online Free Tool",1
"bmp-to-png.html","Bmp To Png - Online Free Tool | easyjpgtopdf","Bmp To Png - Online Free Tool",1
"compress-pdf.html","Compress PDF - Reduce PDF File Size Online Free | PDF Compressor","Compress PDF - Reduce PDF File Size Online Free",1
"contact.html","Contact - Online Free Tool | easyjpgtopdf","Contact - Online Free Tool",1
"cr2-to-jpg-convert.html","Cr2 To Jpg - Online Free Tool | easyjpgtopdf","Cr2 To Jpg - Online Free Tool",1
"cr2-to-jpg.html","Cr2 To Jpg - Online Free Tool | easyjpgtopdf","Cr2 To Jpg - Online Free Tool",1
"crop-pdf.html","Free PDF Cropper Online - Crop PDF Pages; Remove Margins & Trim PDF | easyjpgtopdf","Free PDF Cropper - Crop PDF Pages Online | Remove Margins & Trim PDF",1
"dashboard.html","Dashboard - Online Free Tool | easyjpgtopdf","Dashboard - Online Free Tool",1
"disclaimer.html","Disclaimer - Online Free Tool | easyjpgtopdf","Disclaimer - Online Free Tool",1
"dmca.html","Dmca - Online Free Tool | easyjpgtopdf","Dmca - Online Free Tool",1
"edit-pdf.html","Edit PDF Online - PDF Editor Free | Edit PDF Files Online","Edit PDF Online - Free PDF Editor",1
"eps-to-png-convert.html","Eps To Png - Online Free Tool | easyjpgtopdf","Eps To Png - Online Free Tool",1
"eps-to-png.html","Eps To Png - Online Free Tool | easyjpgtopdf","Eps To Png - Online Free Tool",1
"epub-to-mobi-convert.html","Epub To Mobi - Online Free Tool | easyjpgtopdf","Epub To Mobi - Online Free Tool",1
"epub-to-mobi.html","Epub To Mobi - Online Free Tool | easyjpgtopdf","Epub To Mobi - Online Free Tool",1
"epub-to-pdf-convert.html","Epub To Pdf - Online Free Tool | easyjpgtopdf","Epub To Pdf - Online Free Tool",1
"epub-to-pdf.html","Epub To Pdf - Online Free Tool | easyjpgtopdf","Epub To Pdf - Online Free Tool",1
"excel-to-pdf-convert.html","Excel to PDF Converter - Convert XLS to PDF Online Free | Excel PDF Converter","Excel to PDF Converter - Convert XLS/XLSX to PDF Online Free",1
"excel-to-pdf.html","Excel to PDF Converter - Convert XLS to PDF Online Free | Excel PDF Converter","Excel to PDF Converter - Convert XLS/XLSX to PDF Online Free",1
"excel-unlocker.html","Excel Unlocker - Online Free Tool | easyjpgtopdf","Excel Unlocker - Online Free Tool",1
"exif-data-remove-convert.html","Exif Data Remove - Online Free Tool | easyjpgtopdf","Exif Data Remove - Online Free Tool",1
"exif-data-remove.html","Exif Data Remove - Online Free Tool | easyjpgtopdf","Exif Data Remove - Online Free Tool",1
"fb2-to-pdf-convert.html","Fb2 To Pdf - Online Free Tool | easyjpgtopdf","Fb2 To Pdf - Online Free Tool",1
"fb2-to-pdf.html","Fb2 To Pdf - Online Free Tool | easyjpgtopdf","Fb2 To Pdf - Online Free Tool",1
"feedback.html","All Feedback & Comments - easyjpgtopdf","All Feedback & Comments",1
"folder-to-zip-convert.html","Folder To Zip - Online Free Tool | easyjpgtopdf","Folder To Zip - Online Free Tool",1
"folder-to-zip.html","Folder To Zip - Online Free Tool | easyjpgtopdf","Folder To Zip - Online Free Tool",1
"generate-bg-removal-animations.html","Generate Bg Removal Animations - Online Free Tool | easyjpgtopdf","Generate Bg Removal Animations - Online Free Tool",1
"hdr-to-jpg-convert.html","Hdr To Jpg - Online Free Tool | easyjpgtopdf","Hdr To Jpg - Online Free Tool",1
"hdr-to-jpg.html","Hdr To Jpg - Online Free Tool | easyjpgtopdf","Hdr To Jpg - Online Free Tool",1
"heic-to-jpg-convert.html","Heic To Jpg - Online Free Tool | easyjpgtopdf","Heic To Jpg - Online Free Tool",1
"heic-to-jpg.html","Heic To Jpg - Online Free Tool | easyjpgtopdf","Heic To Jpg - Online Free Tool",1
"image-compressor.html","Image Compressor - Compress Images Online Free | Reduce Image File Size","Image Compressor - Compress Images Online Free",1
"image-cropper-convert.html","Image Cropper - Online Free Tool | easyjpgtopdf","Image Cropper - Online Free Tool",1
"image-cropper.html","Image Cropper - Online Free Tool | easyjpgtopdf","Image Cropper - Online Free Tool",1
"image-editor-result.html","Image Editor Result - Online Free Tool | easyjpgtopdf","Image Editor Result - Your Edited Image is Ready",1
"image-editor.html","Image Editor - Online Free Tool | easyjpgtopdf","Image Editor - Online Free Tool",1
"image-repair-editor.html","Image Repair Editor - Online Free Tool | easyjpgtopdf","Image Repair Editor - Fix and Restore Your Photos Online",1
"image-repair.html","Image Repair - Online Free Tool | easyjpgtopdf","Image Repair Tool - Fix Damaged Photos Online Free",1
"image-resizer-result.html","Resize Image Online Free - Image Resizer Tool 2025 | Change Image Size; Dimensions; Pixels","Resize Image Online Free - Image Resizer Tool 2025",1
"image-resizer.html","Image Resizer - Resize Images Online Free | Change Image Size","Image Resizer - Resize Images Online Free",1
"image-watermark.html","Free Image Watermark Tool Online - Add Watermark to Photos & Images | easyjpgtopdf","Free Image Watermark Tool - Add Watermark to Photos Online",1
"index.html","easyjpgtopdf - All Converter Tools You Need","All Converter Tools You Need in One Place",1
"iso-extractor-convert.html","Iso Extractor - Online Free Tool | easyjpgtopdf","Iso Extractor - Online Free Tool",1
"iso-extractor.html","Iso Extractor - Online Free Tool | easyjpgtopdf","Iso Extractor - Online Free Tool",1
"jpg-to-pdf-convert.html","Jpg To Pdf - Online Free Tool | easyjpgtopdf","Jpg To Pdf - Online Free Tool",1
"jpg-to-pdf.html","Jpg To Pdf - Online Free Tool | easyjpgtopdf","Jpg To Pdf - Online Free Tool",1
"jpg-to-webp-convert.html","Jpg To Webp - Online Free Tool | easyjpgtopdf","Jpg To Webp - Online Free Tool",1
"jpg-to-webp.html","Jpg To Webp - Online Free Tool | easyjpgtopdf","Jpg To Webp - Online Free Tool",1
"kyc-support.html","Kyc Support - Online Free Tool | easyjpgtopdf","KYC Support - Know Your Customer Verification Help",1
"login.html","Login - Online Free Tool | easyjpgtopdf","Login - Online Free Tool",1
"marriage-card.html","Marriage Card - Online Free Tool | easyjpgtopdf","Marriage Card - Online Free Tool",1
"merge-pdf-convert.html","Merge PDF Files - Combine Multiple PDFs Online Free | PDF Merger Tool","Merge PDF Files - Combine Multiple PDFs Online Free",1
"merge-pdf.html","Merge PDF Files - Combine Multiple PDFs Online Free | PDF Merger Tool","Merge PDF Files - Combine Multiple PDFs Online Free",1
"mobi-to-epub-convert.html","Mobi To Epub - Online Free Tool | easyjpgtopdf","Mobi To Epub - Online Free Tool",1
"mobi-to-epub.html","Mobi To Epub - Online Free Tool | easyjpgtopdf","Mobi To Epub - Online Free Tool",1
"ocr-image.html","OCR Image - Extract Text from Image Online Free | Image to Text Converter","OCR Image - Extract Text from Image Online Free",1
"online_resume_maker.html","Online_Resume_Maker - Online Free Tool | easyjpgtopdf","Online Resume Maker - Create Professional Resume & CV Free",1
"payment-receipt.html","Payment Receipt - Online Free Tool | easyjpgtopdf","Payment Receipt - Online Free Tool",1
"pdf-editor-preview.html","Free Online PDF Editor - Edit PDF Files Online | Add Text; Images; OCR | easyjpgtopdf","Free Online PDF Editor - Edit PDF Files Online | Add Text; Images; OCR",1
"pdf-to-epub-convert.html","Pdf To Epub - Online Free Tool | easyjpgtopdf","Pdf To Epub - Online Free Tool",1
"pdf-to-epub.html","Pdf To Epub - Online Free Tool | easyjpgtopdf","Pdf To Epub - Online Free Tool",1
"pdf-to-excel-convert.html","PDF to Excel Converter - Convert PDF to XLS Online Free | Extract Tables from PDF","PDF to Excel Converter - Convert PDF to XLS/XLSX Online Free",1
"pdf-to-excel.html","PDF to Excel Converter - Convert PDF to XLS Online Free | Extract Tables from PDF","PDF to Excel Converter - Convert PDF to XLS/XLSX Online Free",1
"pdf-to-jpg-convert.html","PDF to JPG Converter - Convert PDF to Images Online Free | Extract Images from PDF","PDF to JPG Converter - Convert PDF to Images Online Free",1
"pdf-to-jpg.html","PDF to JPG Converter - Convert PDF to Images Online Free | Extract Images from PDF","PDF to JPG Converter - Convert PDF to Images Online Free",1
"pdf-to-ppt-convert.html","PDF to PowerPoint Converter - Convert PDF to PPT Online Free | PDF PPT Converter","PDF to PowerPoint Converter - Convert PDF to PPT/PPTX Online Free",1
"pdf-to-ppt.html","PDF to PowerPoint Converter - Convert PDF to PPT Online Free | PDF PPT Converter","PDF to PowerPoint Converter - Convert PDF to PPT/PPTX Online Free",1
"pdf-to-text-convert.html","Pdf To Text - Online Free Tool | easyjpgtopdf","Pdf To Text - Online Free Tool",1
"pdf-to-text.html","Pdf To Text - Online Free Tool | easyjpgtopdf","Pdf To Text - Online Free Tool",1
"pdf-to-word.html","PDF to Word Converter - Convert PDF to DOC Online Free | Extract Text from PDF","PDF to Word Converter - Convert PDF to DOC/DOCX Online Free",1
"photo-enhancer-convert.html","Photo Enhancer - Online Free Tool | easyjpgtopdf","Photo Enhancer - Online Free Tool",1
"photo-enhancer.html","Photo Enhancer - Online Free Tool | easyjpgtopdf","Photo Enhancer - Online Free Tool",1
"png-to-ico-convert.html","Png To Ico - Online Free Tool | easyjpgtopdf","Png To Ico - Online Free Tool",1
"png-to-ico.html","Png To Ico - Online Free Tool | easyjpgtopdf","Png To Ico - Online Free Tool",1
"png-to-webp-convert.html","Png To Webp - Online Free Tool | easyjpgtopdf","Png To Webp - Online Free Tool",1
"png-to-webp.html","Png To Webp - Online Free Tool | easyjpgtopdf","Png To Webp - Online Free Tool",1
"ppt-to-pdf-convert.html","PowerPoint to PDF Converter - Convert PPT to PDF Online Free | PPT PDF Converter","PowerPoint to PDF Converter - Convert PPT/PPTX to PDF Online Free",1
"ppt-to-pdf-new.html","PowerPoint to PDF Converter - Convert PPT to PDF Online Free | PPT PDF Converter","PowerPoint to PDF Converter - Convert PPT/PPTX to PDF Online Free",2
"ppt-to-pdf.html","PowerPoint to PDF Converter - Convert PPT to PDF Online Free | PPT PDF Converter","PowerPoint to PDF Converter - Convert PPT/PPTX to PDF Online Free",1
"pricing.html","Pricing - Online Free Tool | easyjpgtopdf","Pricing - Online Free Tool",1
"privacy-policy.html","Privacy Policy - Online Free Tool | easyjpgtopdf","Privacy Policy - Online Free Tool",1
"protect-excel.html","Protect Excel - Online Free Tool | easyjpgtopdf","Protect Excel - Online Free Tool",1
"protect-pdf.html","Protect PDF - Password Protect PDF Online Free | Secure PDF Files","Protect PDF - Password Protect PDF Online Free",1
"psd-to-jpg-convert.html","Psd To Jpg - Online Free Tool | easyjpgtopdf","Psd To Jpg - Online Free Tool",1
"psd-to-jpg.html","Psd To Jpg - Online Free Tool | easyjpgtopdf","Psd To Jpg - Online Free Tool",1
"psd-to-png-convert.html","Psd To Png - Online Free Tool | easyjpgtopdf","Psd To Png - Online Free Tool",1
"psd-to-png.html","Psd To Png - Online Free Tool | easyjpgtopdf","Psd To Png - Online Free Tool",1
"rar-extractor-convert.html","Rar Extractor - Online Free Tool | easyjpgtopdf","Rar Extractor - Online Free Tool",1
"rar-extractor.html","Rar Extractor - Online Free Tool | easyjpgtopdf","Rar Extractor - Online Free Tool",1
"rar-to-zip-convert.html","Rar To Zip - Online Free Tool | easyjpgtopdf","Rar To Zip - Online Free Tool",1
"rar-to-zip.html","Rar To Zip - Online Free Tool | easyjpgtopdf","Rar To Zip - Online Free Tool",1
"raw-to-jpg-convert.html","Raw To Jpg - Online Free Tool | easyjpgtopdf","Raw To Jpg - Online Free Tool",1
"raw-to-jpg.html","Raw To Jpg - Online Free Tool | easyjpgtopdf","Raw To Jpg - Online Free Tool",1
"refund-policy.html","Refund Policy - Online Free Tool | easyjpgtopdf","Refund Policy - Money Back Guarantee Terms & Conditions",1
"result.html","Result - Online Free Tool | easyjpgtopdf","Conversion Result - Download Your Converted File",1
"resume-maker.html","Resume Maker Online Free - Create Professional Resume & CV Builder 2025 | easyjpgtopdf","Resume Maker Online Free - Create Professional Resume & CV Builder 2025",1
"rtf-to-pdf-convert.html","Rtf To Pdf - Online Free Tool | easyjpgtopdf","Rtf To Pdf - Online Free Tool",1
"rtf-to-pdf.html","Rtf To Pdf - Online Free Tool | easyjpgtopdf","Rtf To Pdf - Online Free Tool",1
"search.html","Search Results - easyjpgtopdf | Find Tools; Blogs & Pages","Search Our Website",1
"shipping-billing.html","Shipping Billing - Online Free Tool | easyjpgtopdf","Shipping & Billing Information - Update Your Details",1
"signup.html","Signup - Online Free Tool | easyjpgtopdf","Signup - Online Free Tool",1
"split-pdf-convert.html","Split PDF - Split PDF Pages Online Free | PDF Splitter Tool","Split PDF Result - Download Your Split PDF Files",1
"split-pdf.html","Split PDF - Split PDF Pages Online Free | PDF Splitter Tool","Split PDF - Split PDF Pages Online Free",1
"svg-to-jpg-convert.html","Svg To Jpg - Online Free Tool | easyjpgtopdf","Svg To Jpg - Online Free Tool",1
"svg-to-jpg.html","Svg To Jpg - Online Free Tool | easyjpgtopdf","Svg To Jpg - Online Free Tool",1
"svg-to-png-convert.html","Svg To Png - Online Free Tool | easyjpgtopdf","Svg To Png - Online Free Tool",1
"svg-to-png.html","Svg To Png - Online Free Tool | easyjpgtopdf","Svg To Png - Online Free Tool",1
"tar-to-zip-convert.html","Tar To Zip - Online Free Tool | easyjpgtopdf","Tar To Zip - Online Free Tool",1
"tar-to-zip.html","Tar To Zip - Online Free Tool | easyjpgtopdf","Tar To Zip - Online Free Tool",1
"terms-of-service.html","Terms Of Service - Online Free Tool | easyjpgtopdf","Terms Of Service - Online Free Tool",1
"test-backend-connection.html","Backend Connection Test","Backend Connection Test",1
"tiff-to-png-convert.html","Tiff To Png - Online Free Tool | easyjpgtopdf","Tiff To Png - Online Free Tool",1
"tiff-to-png.html","Tiff To Png - Online Free Tool | easyjpgtopdf","Tiff To Png - Online Free Tool",1
"transparent-background-maker-convert.html","Transparent Background Maker - Online Free Tool | easyjpgtopdf","Transparent Background Maker - Online Free Tool",1
"transparent-background-maker.html","Transparent Background Maker - Online Free Tool | easyjpgtopdf","Transparent Background Maker - Online Free Tool",1
"txt-to-pdf-convert.html","Txt To Pdf - Online Free Tool | easyjpgtopdf","Txt To Pdf - Online Free Tool",1
"txt-to-pdf.html","Txt To Pdf - Online Free Tool | easyjpgtopdf","Txt To Pdf - Online Free Tool",1
"unlock-pdf.html","Unlock PDF - Remove PDF Password Online Free | PDF Password Remover","Unlock PDF - Remove PDF Password Online Free",1
"watermark-pdf-convert.html","Watermarked PDF Download - Your PDF with Watermark Ready | PDF Watermark Tool","Watermarked PDF Download - Your PDF with Watermark Ready",1
"watermark-pdf.html","Add Watermark to PDF Online Free - PDF Watermarking Tool 2025 | Text & Image Watermark","Add Watermark to PDF Online Free - PDF Watermarking Tool 2025",1
"webp-to-png-convert.html","Webp To Png - Online Free Tool | easyjpgtopdf","Webp To Png - Online Free Tool",1
"webp-to-png.html","Webp To Png - Online Free Tool | easyjpgtopdf","Webp To Png - Online Free Tool",1
"word-to-pdf-convert.html","Word to PDF Converter - DOC to PDF Online Free | Convert Word Documents","Word to PDF Converter - Convert DOC/DOCX to PDF Online Free",1
"word-to-pdf.html","Word to PDF Converter - DOC to PDF Online Free | Convert Word Documents","Word to PDF Converter - Convert DOC/DOCX to PDF Online Free",1
"zip-extractor-convert.html","Zip Extractor - Online Free Tool | easyjpgtopdf","Zip Extractor - Online Free Tool",1
"zip-extractor.html","Zip Extractor - Online Free Tool | easyjpgtopdf","Zip Extractor - Online Free Tool",1
"zip-to-rar-convert.html","Zip To Rar - Online Free Tool | easyjpgtopdf","Zip To Rar - Online Free Tool",1
"zip-to-rar.html","Zip To Rar - Online Free Tool | easyjpgtopdf","Zip To Rar - Online Free Tool",1
